{
    "info": "distances  between persistence diagrams of qaoa instances with one flipped coefficient in the hamiltonian. hamiltonian flipped=true means the sign of the coefficient was flipped. ...flip=false means the coefficient was set to zero. Distances were approximated using giotto tda. Persistence diagrams were computed using ripser (scikit tda). Keys are number of qubits. Distances are the average of two values (persistence diagram 1 -> 2 and 2 -> 1).",
    "3": {
        "num_qubits": 3,
        "run": 1,
        "target_term_idx": 0,
        "hamiltonian flipped": true,
        "p": 1,
        "config id": 1,
        "bottleneck": {
            "H0": 0.10934012964625595,
            "H1": 0.09632667384448723
        },
        "wasserstein": {
            "H0": 0.1407939175080135,
            "H1": 0.3566203669750073
        }
    },
    "6": {
        "num_qubits": 6,
        "run": 0,
        "target_term_idx": 11,
        "hamiltonian flipped": true,
        "p": 1,
        "config id": 5,
        "bottleneck": {
            "H0": 0.03316363150477031,
            "H1": 0.1655829780111162
        },
        "wasserstein": {
            "H0": 0.8360576509472363,
            "H1": 0.6779495251862802
        }
    },
    "9": {
        "num_qubits": 9,
        "run": 0,
        "target_term_idx": 0,
        "hamiltonian flipped": true,
        "p": 1,
        "config id": 10,
        "bottleneck": {
            "H0": 0.08579481310259496,
            "H1": 0.2090087706283157
        },
        "wasserstein": {
            "H0": 0.42060678136948215,
            "H1": 0.6836682652300303
        }
    },
    "12": {
        "num_qubits": 12,
        "run": 0,
        "target_term_idx": 7,
        "hamiltonian flipped": true,
        "p": 1,
        "config id": 15,
        "bottleneck": {
            "H0": 0.15939748311116375,
            "H1": 0.2065695416526978
        },
        "wasserstein": {
            "H0": 0.3757425551786462,
            "H1": 0.7589008518874527
        }
    },
    "15": {
        "num_qubits": 15,
        "run": 0,
        "target_term_idx": 6,
        "hamiltonian flipped": true,
        "p": 1,
        "config id": 20,
        "bottleneck": {
            "H0": 0.5369021003914014,
            "H1": 0.18504072745804478
        },
        "wasserstein": {
            "H0": 1.0649055428022185,
            "H1": 0.5429075649397364
        }
    },
    "18": {
        "num_qubits": 18,
        "run": 0,
        "target_term_idx": 1,
        "hamiltonian flipped": true,
        "p": 1,
        "config id": 25,
        "bottleneck": {
            "H0": 0.29581976452249137,
            "H1": 0.19233648639635703
        },
        "wasserstein": {
            "H0": 0.5593750425172572,
            "H1": 0.5189567105291986
        }
    }
}